id	mostrar	tipo	nombre	categoria_es	categoria_en	badge_es	badge_en	nota_es	nota_en	url	password	valoracion	resenas	rango_precio	puntuacion_confianza	especialidades_es	especialidades_en	lo_mas_comprado_es	lo_mas_comprado_en	pros_es	pros_en	contras_es	contras_en	imagen
1	1	yupoo	Goat Official	👕 Corteiz	👕 Corteiz	👑 #1 CORTEIZ	👑 #1 CORTEIZ	MEJOR PROVEEDOR DE CORTEIZ	BEST CORTEIZ PROVIDER	https://goat-official.x.yupoo.com		4,9	12000+		10	Corteiz Alcatraz|Cargo Pants|Hoodies|Calidad Premium	Corteiz Alcatraz|Cargo Pants|Hoodies|Premium Quality	🔥 Corteiz Alcatraz Hoodie (¥200-280)|👖 Corteiz Cargo Pants (¥180-240)|👕 Corteiz T-Shirts (¥80-120)|🧥 Corteiz Jackets (¥250-350)	🔥 Corteiz Alcatraz Hoodie (¥200-280)|👖 Corteiz Cargo Pants (¥180-240)|👕 Corteiz T-Shirts (¥80-120)|🧥 Corteiz Jackets (¥250-350)	Mejor proveedor de Corteiz del mercado|Calidad 1:1 casi perfecta|Detalles bordados impecables|Prints de alta calidad|Tallas precisas|Stock actualizado semanalmente	Best Corteiz provider on the market|Near-perfect 1:1 quality|Impeccable embroidery details|High-quality prints|Accurate sizing|Weekly stock updates	Precios mid-high tier|Stock se agota rápido en nuevos drops|Solo enfocado en Corteiz	Mid-high tier prices|Fast sell-outs on new drops|Only focused on Corteiz	
2	1	yupoo	Hotdog Official	👕 Broken Planet & Mertra	👕 Broken Planet & Mertra	🔥 #1 BP	🔥 #1 BP	EL MEJOR DE BROKEN PLANET Y MERTRA	BEST BROKEN PLANET & MERTRA SELLER	https://hotdog-official.x.yupoo.com		4,8	10500+		9	Broken Planet|Mertra|Hoodies Premium|Tracksuits	Broken Planet|Mertra|Premium Hoodies|Tracksuits	🔥 Broken Planet Hoodies (¥180-250)|👕 Mertra T-Shirts (¥70-110)|🧥 BP Puffer Jackets (¥280-380)|👖 BP Tracksuits (¥220-300)	🔥 Broken Planet Hoodies (¥180-250)|👕 Mertra T-Shirts (¥70-110)|🧥 BP Puffer Jackets (¥280-380)|👖 BP Tracksuits (¥220-300)	El mejor de Broken Planet y Mertra|Calidad de tela excepcional|Bordados perfectos|Colores precisos|Precios justos|Stock variado	Best Broken Planet & Mertra seller|Exceptional fabric quality|Perfect embroidery|Accurate colors|Fair pricing|Wide stock	Algunos productos tardan en restock|Envío ligeramente más lento	Some items restock slowly|Slightly slower shipping	
3	1	yupoo	TopStoney	👕 Stone Island	👕 Stone Island	💎 SI KING	💎 SI KING	Leyenda de Stone Island	Stone Island legend	https://topstoney.x.yupoo.com		4,9	25000+		10	Stone Island|Badges Perfectos|Telas Premium|Hoodies/Crews	Stone Island|Perfect Badges|Premium Fabrics|Hoodies/Crews	🔥 Stone Island Crewnecks (¥200-280)|👕 SI Badge T-Shirts (¥90-140)|🧥 SI Soft Shell Jackets (¥350-480)|👖 SI Cargo Pants (¥220-300)	🔥 Stone Island Crewnecks (¥200-280)|👕 SI Badge T-Shirts (¥90-140)|🧥 SI Soft Shell Jackets (¥350-480)|👖 SI Cargo Pants (¥220-300)	Líder absoluto en Stone Island reps|Badges NFC funcionales|Calidad de telas 1:1|Muy popular en la comunidad|Sizing preciso|Excelente atención	Absolute leader in Stone Island reps|Functional NFC badges|1:1 fabric quality|Very popular|Accurate sizing|Great support	Precios premium|Stock limitado	Premium pricing|Limited stock	
4	1	yupoo	168shops	👟  Premium	👟 Premium Sneakers	👟 QUALITY	👟 QUALITY	 de buena calidad	High quality sneakers	https://168shops.x.yupoo.com		4,7	18000+		9	Jordan|Dunk|Yeezy|Batches Premium	Jordan|Dunk|Yeezy|Premium batches	🔥 Jordan 1 High (¥350-480)|👟 Nike Dunk Low (¥280-380)|⚡ Yeezy 350 V2 (¥220-320)|💎 Jordan 4 Retro (¥380-500)	🔥 Jordan 1 High (¥350-480)|👟 Nike Dunk Low (¥280-380)|⚡ Yeezy 350 V2 (¥220-320)|💎 Jordan 4 Retro (¥380-500)	Batches premium|Gran variedad|QC detallado|Envío rápido|Acepta devoluciones	Premium batches|Huge variety|Detailed QC|Fast shipping|Accepts returns	Precios mid-high|Yupoo algo desordenado	Mid-high prices|Messy Yupoo	
5	1	yupoo	Umkao	👟  Budget	👟 Budget Sneakers	💰 BUDGET	💰 BUDGET	Rey del budget	Budget king	https://umkao.x.yupoo.com		4,5	30000+		8	Air Force 1|Dunks Budget|Jordan Budget	Air Force 1|Budget Dunks|Budget Jordans	🔥 Air Force 1 (¥90-130)|👟 Dunk Low Budget (¥120-180)|⚡ Jordan 1 Low (¥140-200)|💎 NB 550 (¥100-150)	🔥 Air Force 1 (¥90-130)|👟 Dunk Low Budget (¥120-180)|⚡ Jordan 1 Low (¥140-200)|💎 NB 550 (¥100-150)	Precios muy bajos|Stock masivo|Ideal para daily	Ultra low prices|Massive stock|Perfect for daily	Calidad budget|No es 1:1	Budget quality|Not 1:1	
6	1	yupoo	aaaajersey	⚽ Camisetas Fútbol	⚽ Soccer Jerseys	⚽ SOCCER	⚽ SOCCER	PASSWORD: aaaajersey	PASSWORD: aaaajersey	https://aaaajersey.x.yupoo.com	aaaajersey	4,7	15000+		9	Camisetas fútbol|Versión jugador|Parches	Soccer jerseys|Player version|Patches	⚽ Camisetas liga (¥45-70)|👕 Versión jugador (¥70-100)|🏆 Champions kits (¥50-75)|🌍 Selecciones (¥45-70)	⚽ League jerseys (¥45-70)|👕 Player version (¥70-100)|🏆 Champions kits (¥50-75)|🌍 National teams (¥45-70)	Catálogo masivo|Personalización|Buen precio	Massive catalog|Customization|Good pricing	Yupoo con password|Hay que especificar talla	Password protected|Need to specify size	
7	1	yupoo	3125tiger	👕 Ropa Variada	👕 Mixed Apparel	🎁 VARIETY	🎁 VARIETY	Muy popular – gran variedad	Very popular – wide variety	https://3125tiger.x.yupoo.com		4,6	22000+		8	Supreme|Palace|Bape|Streetwear Mix	Supreme|Palace|Bape|Streetwear mix	🔥 Supreme Box Logo Tees|👕 Palace Tees|🧥 Bape Hoodies|👖 Streetwear Pants	🔥 Supreme Box Logo Tees|👕 Palace Tees|🧥 Bape Hoodies|👖 Streetwear Pants	Variedad enorme|Precios accesibles|Bueno para hauls	Huge variety|Affordable prices|Good for hauls	Calidad variable|QC recomendado	Variable quality|QC recommended	
8	1	yupoo	Noghost	👕 Supreme	👕 Supreme	🔴 SUPREME	🔴 SUPREME	Especialista en Supreme	Supreme specialist	https://noghost.x.yupoo.com		4,6	8500+		8	Supreme|Box Logo|Hoodies|Tees	Supreme|Box Logo|Hoodies|Tees	🔥 Supreme Box Logo Hoodies|👕 Supreme Tees|🧥 Supreme Jackets|🎒 Supreme Bags	🔥 Supreme Box Logo Hoodies|👕 Supreme Tees|🧥 Supreme Jackets|🎒 Supreme Bags	Box logos de calidad|Detalles precisos	Quality box logos|Accurate details	Stock limitado|Solo Supreme	Limited stock|Mostly Supreme	
9	1	yupoo	Firerep	👕 Essentials & Mertra	👕 Essentials & Mertra	👕 FOG	👕 FOG	Essentials & FOG sólido	Solid Essentials & FOG	https://firerep.x.yupoo.com		4,5	7200+		8	Essentials|Fear of God|Basics	Essentials|Fear of God|Basics	🔥 Essentials Hoodies|👕 FOG Tees|👖 Essentials Pants|🧥 FOG Jackets	🔥 Essentials Hoodies|👕 FOG Tees|👖 Essentials Pants|🧥 FOG Jackets	Buena calidad|Buen precio|Stock variado	Good quality|Fair pricing|Wide stock	Algunas tallas se agotan	Some sizes sell out	
10	1	yupoo	Singor	👕 Arc'teryx & TNF	👕 Arc'teryx & TNF	🏔️ OUTDOOR	🏔️ OUTDOOR	Rey outdoor	Outdoor king	https://singor.x.yupoo.com		4,7	9800+		9	Arc'teryx|The North Face|Outdoor Gear	Arc'teryx|The North Face|Outdoor gear	🔥 Arc'teryx Beta Jacket|🧥 TNF Nuptse|👕 Arc Tees|🎒 TNF Backpacks	🔥 Arc'teryx Beta Jacket|🧥 TNF Nuptse|👕 Arc Tees|🎒 TNF Backpacks	Mejores reps Arc'teryx|Detalles técnicos|Waterproof real	Best Arc'teryx reps|Technical details|Real waterproof	Precios altos|Stock limitado	High prices|Limited stock	
11	1	weidian	711 Shoes Store	👟  Budget	👟 Budget Sneakers	💰 VALUE	💰 VALUE	Best value for money	Best value for money	https://weidian.com/?userid=1667105252		4,5	24000+		8	Jordan|Dunk|Air Force|Budget	Jordan|Dunk|Air Force|Budget	👟 Air Force 1 (¥90-130)|🔥 Dunk Low (¥100-160)|⚡ Jordan 1 Mid (¥150-220)|💎 Yeezy 350 (¥180-260)	👟 Air Force 1 (¥90-130)|🔥 Dunk Low (¥100-160)|⚡ Jordan 1 Mid (¥150-220)|💎 Yeezy 350 (¥180-260)	Mejor calidad-precio|24.000 seguidores|Return rate 31%|Stock actualizado	Best value for money|24.000 followers|31% return rate|Updated stock	Calidad budget|No es 1:1 perfecto	Budget quality|Not 1:1 perfect	https://si.geilicdn.com/wdseller1503000720-6f3600000185982839140a231418_250_250.jpg?w=120&h=120&cp=1
12	1	weidian	Survival Source	💍 Joyería Premium	💍 Premium Jewelry	👑 TRUSTED	👑 TRUSTED	Vendedor verificado de Reddit	Reddit verified seller	https://weidian.com/?userid=833992870		4,8	8000+		9	CH Pendants|Gucci|Cadenas|Plata 925	CH Pendants|Gucci|Chains|925 Silver	💍 CH Dog Tag Pendant|💎 Gucci Rings|📿 Five Chain|⭐ Custom Pendants	💍 CH Dog Tag Pendant|💎 Gucci Rings|📿 Five Chain|⭐ Custom Pendants	Trusted en Reddit|Plata 925 real|Lab tests públicos|Web propia ss-direct.com	Reddit trusted|Real 925 silver|Public lab tests|Own website ss-direct.com	Tiempos de envío variables|CH en pausa temporal	Variable shipping times|CH on temporary pause	https://si.geilicdn.com/wdseller833992870-01f800000186e9149ba90a22b3e4_1221_610.jpg?w=750&h=750
13	1	weidian	Shoe Hui Trading	👟  Premium	👟 Premium Sneakers	👑 TOP TIER	👑 TOP TIER	Return rate más alto 80%	Highest return rate 80%	https://weidian.com/?userid=254987122		4,9	20000+		10	Jordan|Dunk|Yeezy|Batches Premium	Jordan|Dunk|Yeezy|Premium Batches	🔥 Jordan 1 High (¥320-450)|👟 Dunk Low (¥250-350)|⚡ Yeezy 350 V2 (¥200-300)|💎 Jordan 4 (¥380-500)	🔥 Jordan 1 High (¥320-450)|👟 Dunk Low (¥250-350)|⚡ Yeezy 350 V2 (¥200-300)|💎 Jordan 4 (¥380-500)	Return rate 80% mejor del mercado|1700+ productos|Calidad consistente|Muy popular	80% return rate best in market|1700+ products|Consistent quality|Very popular	Precios mid-high|Requiere agente de compra	Mid-high prices|Requires buying agent	https://si.geilicdn.com/wdseller254987122-29050000016c211282570a217205_500_250.jpg?w=750&h=750
14	1	weidian	McDodo	👟  Mid-Range	👟 Mid-Range Sneakers	💎 PREMIUM	💎 PREMIUM	Gran catálogo 2498 productos	Huge catalog 2498 products	https://weidian.com/?userid=1694280320		4,7	15000+		9	Jordan|Nike|Adidas|Yeezy	Jordan|Nike|Adidas|Yeezy	🔥 Jordan 1 (¥280-400)|👟 Air Max (¥180-280)|⚡ Yeezy (¥200-320)|💎 Dunk (¥220-340)	🔥 Jordan 1 (¥280-400)|👟 Air Max (¥180-280)|⚡ Yeezy (¥200-320)|💎 Dunk (¥220-340)	Return rate 62%|Casi 2500 productos|Buena variedad|Precios justos	62% return rate|Almost 2500 products|Good variety|Fair prices	Algunos productos sin stock|Navegación lenta	Some items out of stock|Slow navigation	https://si.geilicdn.com/weidian1411947140-4cfa0000017a4be48e930a20b7b9_984_984.jpg?w=160&h=160
15	1	weidian	Decor Home	🏠 Decoración Hogar	🏠 Home Decor	🏠 DECOR	🏠 DECOR	Mayor catálogo decoración	Largest decor catalog	https://weidian.com/?userid=323676306		4,6	10000+		8	Decoración|Hogar|Accesorios|Lifestyle	Decoration|Home|Accessories|Lifestyle	🏠 Decoración moderna|💡 Lámparas diseño|🖼️ Cuadros|🛋️ Accesorios hogar	🏠 Modern decor|💡 Design lamps|🖼️ Paintings|🛋️ Home accessories	Return rate 60%|3180 productos|Precios muy bajos|Variedad enorme	60% return rate|3180 products|Very low prices|Huge variety	Solo decoración|Envíos frágiles	Decoration only|Fragile shipping	https://si.geilicdn.com/weidian323676306-5d1a00000172939585de0a21c2a8_992_992.jpg?w=160&h=160
16	1	weidian	Shanggao Golf	⛳ Golf Apparel	⛳ Golf Apparel	⛳ GOLF	⛳ GOLF	Especialista en golf	Golf specialist	https://weidian.com/?userid=1741441024		4,7	5000+		8	Polos Golf|Pantalones|Accesorios Golf|Ropa Deportiva	Golf Polos|Pants|Golf Accessories|Sportswear	⛳ Polos golf premium|👖 Pantalones golf|🧢 Gorras|🎒 Bolsas golf	⛳ Premium golf polos|👖 Golf pants|🧢 Caps|🎒 Golf bags	Return rate 57%|828 productos|Especializado en golf|Calidad deportiva	57% return rate|828 products|Golf specialized|Sport quality	Solo golf|Catálogo limitado	Golf only|Limited catalog	https://si.geilicdn.com/weidian1407945499-46c200000167c0b5c8650a217205_984_984.jpg?w=160&h=160
17	1	weidian	Daqian Foreign Trade	💎 Lujo & Designer	💎 Luxury & Designer	💎 LUXURY	💎 LUXURY	Marcas de lujo premium	Premium luxury brands	https://weidian.com/?userid=1322063473		4,8	12000+		9	Bolsos Lujo|Ropa Designer|Accesorios Premium	Luxury Bags|Designer Clothes|Premium Accessories	💎 Bolsos designer|👗 Ropa lujo|👛 Carteras premium|👔 Camisas designer	💎 Designer bags|👗 Luxury clothes|👛 Premium wallets|👔 Designer shirts	Return rate 53%|1951 productos|Marcas premium|Calidad alta	53% return rate|1951 products|Premium brands|High quality	Precios premium|Requiere QC	Premium prices|Requires QC	https://si.geilicdn.com/wdseller1322063473-14d100000170c83e9aad0a217205_250_250.jpg?w=120&h=120&cp=1
18	1	weidian	A Ben Ready-to-wear	👔 Ropa Hombre Premium	👔 Premium Menswear	👔 MENSWEAR	👔 MENSWEAR	Ropa caballero calidad	Quality menswear	https://weidian.com/?userid=318623120		4,6	8000+		8	J Crew|Zegna|Brooks Bros|Ropa Formal	J Crew|Zegna|Brooks Bros|Formal Wear	👔 Camisas formales|🧥 Blazers|👖 Pantalones vestir|👔 Corbatas	👔 Formal shirts|🧥 Blazers|👖 Dress pants|👔 Ties	Return rate 41%|1184 productos|Ropa formal calidad|Precios mid-range	41% return rate|1184 products|Quality formal wear|Mid-range prices	Solo ropa hombre|Estilo conservador	Menswear only|Conservative style	https://si.geilicdn.com/shopedit318623120-2f030000019c27a4fd920a20e672-unadjust_250_250.png?w=120&h=120&cp=1
19	1	weidian	Super Big Player	👟  Premium	👟 Premium Sneakers	⭐ VERIFIED	⭐ VERIFIED	Tienda verificada activa	Active verified store	https://weidian.com/?userid=1703496000		4,4	3500+		7	Jordan|Dunk|Nike Premium	Jordan|Dunk|Nike Premium	🔥 Jordan 1|👟 Dunk Low|⚡ Air Max|💎 Nike Premium	🔥 Jordan 1|👟 Dunk Low|⚡ Air Max|💎 Nike Premium	Tienda verificada|143 productos|Calidad consistente	Verified store|143 products|Consistent quality	Catálogo pequeño|Stock limitado	Small catalog|Limited stock	https://si.geilicdn.com/wdseller1416021268-7e180000017b4968af620a20e273_250_250.jpg?w=120&h=120&cp=1
20	1	weidian	Topdreamer	👟 	👟 Sneakers	✅ TRUSTED	✅ TRUSTED	Vendedor confiable	Reliable seller	https://weidian.com/?userid=1697744208		4,5	12000+		8	Jordan|Nike|Sneakers Mix	Jordan|Nike|Sneakers Mix	🔥 Jordan series|👟 Nike|⚡ Air models|💎 Varios	🔥 Jordan series|👟 Nike|⚡ Air models|💎 Various	Return rate 55%|111 productos|Vendedor establecido	55% return rate|111 products|Established seller	Catálogo reducido|Poca variedad	Reduced catalog|Low variety	https://si.geilicdn.com/wdseller1437660918-206a0000018f0f4020330a20e2c5_250_250.jpg?w=120&h=120&cp=1
21	1	weidian	Pony	👟 	👟 Sneakers	✅ TRUSTED	✅ TRUSTED	Tienda establecida	Established store	https://weidian.com/?userid=1624447592		4,5	10000+		8	Jordan|Nike|Dunk	Jordan|Nike|Dunk	🔥 Jordan|👟 Dunk|⚡ Nike Air|💎 Yeezy	🔥 Jordan|👟 Dunk|⚡ Nike Air|💎 Yeezy	Return rate 58%|98 productos|Tienda confiable	58% return rate|98 products|Reliable store	Catálogo pequeño|Stock limitado	Small catalog|Limited stock	https://si.geilicdn.com/wdseller1465999196-7889000001705bef6c710a21348d_250_250.jpg?w=120&h=120&cp=1
22	1	weidian	SEA	👜 Bolsos & Accesorios	👜 Bags & Accessories	👜 BAGS	👜 BAGS	Especialista en bolsos	Bag specialist	https://weidian.com/?userid=738728022		4,4	6000+		7	Bolsos|Carteras|Accesorios	Bags|Wallets|Accessories	👜 Bolsos premium|👛 Carteras|🎒 Mochilas|💎 Accesorios	👜 Premium bags|👛 Wallets|🎒 Backpacks|💎 Accessories	Return rate 52%|62 productos|Especializado|Calidad decente	52% return rate|62 products|Specialized|Decent quality	Catálogo muy pequeño|Poca variedad	Very small catalog|Low variety	https://si.geilicdn.com/wdseller738728022-6e6500000176881c3c330a21c2a7-unadjust_250_250.jpeg?w=160&h=160
23	1	weidian	Stupid Elephant	👕 Ropa Streetwear	👕 Streetwear	👕 STREET	👕 STREET	Ropa y streetwear	Clothes and streetwear	https://weidian.com/?userid=1388510863		4,4	8000+		7	Streetwear|Ropa|Ropa Casual	Streetwear|Clothes|Casual Wear	👕 Camisetas|👖 Pantalones|🧥 Sudaderas|👕 Hoodies	👕 T-shirts|👖 Pants|🧥 Sweatshirts|👕 Hoodies	Return rate 50%|87 productos|Precios bajos|Streetwear variado	50% return rate|87 products|Low prices|Varied streetwear	Catálogo pequeño|Calidad variable	Small catalog|Variable quality	https://si.geilicdn.com/wdseller1388510863-21440000016a10506c710a217216_250_250.jpg?w=160&h=160
24	1	weidian	TIENDA TEST	👗 Ropa Mujer	👗 Womenswear	👗 WOMEN	👗 WOMEN	Moda femenina variada	Varied women fashion	https://weidian.com/?userid=1663041581		4,6	5000+		8	Ropa Mujer|Vestidos|Moda Femenina	Womenswear|Dresses|Women Fashion	👗 Vestidos|👚 Blusas|👖 Faldas|👜 Conjuntos	👗 Dresses|👚 Blouses|👖 Skirts|👜 Sets	Return rate 80%|588 productos|Moda mujer|Variedad	80% return rate|588 products|Women fashion|Variety	Solo mujer|Estilos limitados	Women only|Limited styles	https://si.geilicdn.com/pcdecorate1931650918-1e72000001956b8ddebc0a23041a-unadjust_750_750.png?w=250&h=250&cp=1